Pair,Raw_r,Partial_r,Difference
LBXGLU vs LBXTLG,0.31516365099110244,0.3005152266120645,0.014648424379037961
LBXGLU vs BMXWAIST,0.23347315657850198,0.1899023237088246,0.04357083286967739
LBXTLG vs BMXWAIST,0.21831121566958464,0.19896281343726757,0.01934840223231707
